{
	"userType": "CUSTOMER",
	"ssoId": "25118412",
	"coUserId": "200095229546",
	"contractId": null,
	"relationshipToAccount": null,
	"lineOfBusinessCode": null,
	"bURelationShip": "INDV",
	"userSourceCode": "CO",
	"benefitClaimId": null,
	"sourceApplication": "CO",
	"eventStatus": null,
	"sourceId": null,
	"productName": null,
	"productGroup": null,
	"isEditable": false,
	"contactChannels": [
		{
			"contactChannelId": "200009830700",
			"contactChannel": "PHONE",
			"contactChannelType": "PRIMARY",
			"contactChannelValue": "650-967-2315",
			"phoneExtension": null,
			"contactStatus": "UNVERIFIED",
			"isEditable": true,
			"editableReasonCode": null,
			"editableReasonDescription": null,
			"isUpdated": true,
			"isDeleted": false
		},
		{
			"contactChannelId": "200009830698",
			"contactChannel": "EMAIL",
			"contactChannelType": "PRIMARY",
			"contactChannelValue": "karthik.ganapathi@prudential.com",
			"phoneExtension": null,
			"contactStatus": "VERIFIED",
			"isEditable": true,
			"editableReasonCode": null,
			"editableReasonDescription": null,
			"isUpdated": true,
			"isDeleted": false
		}
	]
}