{
  "type": "entity",
  "riskScoreConfig": {
    "sourceOfFunds": {
      "paymentMethod": {
        "eft-cb": "5",
        "eft-sb": "5",
        "dc/cc-c": "5",
        "dc/cc-tp": "5",
        "cash": "6",
        "check": "1",
        "mo": "1",
        "tc": "1",
        "c/b-c": "1",
        "fedwire-c": "1",
        "fedwire-tp": "1",
        "ach-us": "1",
        "ach-int": "1"
      }
    },
    "product": {
      "productCashvalue": {
        "y": "5",
        "n": "5"
      },
      
      "multipleProductCashvalue": {
        "y": "6",
        "n": "5"
      }},
      "demography": {
      "beneOwnersNameAddress": {
        "y": "5",
        "n": "5"
      },
      "beneOwnersPercent": {
        "y": "5",
        "n": "5"
      },
      
      "typeCode": {
        "opc": "5",
        "sc": "5",
        "bs-corp": "5",
        "ngo": "5",
        "emb/cons": "5",
        "tppp": "5",
        "trust-f": "5",
        "trust-o": "5",
        "spv": "5",
        "dfi": "5",
        "ffi": "5",
        "ffi-o": "5",
        "pic": "5"
      },
       "industry": [
                {
                    "industryName": "Financial leasing",
                    "pointVal": "2"
                },
                {
                    "industryName": "Other credit granting",
                    "pointVal": "2"
                },
                 {
                    "industryName": "Life insurance",
                    "pointVal": "3"
                }
                ]
    },
     "geography": {
            "countrycode": [
                {
                    "countryName": "Afghanistan",
                    "pointVal": "3"
                },
                {
                    "countryName": "�land Islands",
                    "pointVal": "3"
                },
                {
                    "countryName": "Albania",
                    "pointVal": "3"
                }]
     },
                
    "reputation": {
      "marijuana": {
        "y": "5",
        "n": "5"
      },
      "pfc": {
        "y": "5",
        "n": "5"
      },
     
      "adverseMedia": {
        "y": "5",
        "n": "5"
      },
      "transactionMedia": {
        "y": "5",
        "n": "5"
      },
      "ofac": {
        "y": "5",
        "n": "5"
      },
      "localSanctions": {
        "y": "5",
        "n": "5"
      },
      "sar": {
        "y": "5",
        "n": "5"
      },
      "beneMarijuana": {
        "y": "5",
        "n": "5"
      },
      "benePFC": {
        "y": "5",
        "n": "5"
      },
      "beneOFAC": {
        "y": "5",
        "n": "5"
      },
      "beneAdverseMedia": {
        "y": "5",
        "n": "5"
      }
    }
  }
}