{
  "responseCode": "200",
  "responseStatus": "Success",
  "profiles": [
    {
      "personalInfo": {
        "firstName": "HONGLAN",
        "middleName": "D",
        "lastName": "AN",
        "prefix": null,
        "suffix": null,
        "preferredName": null,
        "maritalStatus": null,
        "dateOfBirth": "11/22/1978",
        "gender": null,
        "ssn": "325782359",
        "userSource": null,
        "citizenship": null,
        "occupation": null,
        "salary": null,
        "userStatus": "ACTIVE",
        "permanentResident": null,
        "visaType": null,
        "visaExpiration": null,
        "countryOfBirth": null,
        "employmentStatus": null,
        "employerName": null,
        "position": null,
        "last4Ssn": "2359",
        "profilePhotoLink": null,
        "euResidentFlag": "N",
        "sourceId": null,
        "poaCoUserId": null,
        "ownerCoUserId": null,
        "deleted": "N"
      },
      "userType": "CUSTOMER",
      "ssoId": "25246661",
      "coUserId": "200095430538",
      "contractId": null,
      "relationshipToAccount": null,
      "lineOfBusinessCode": null,
      "bURelationShip": "INDV",
      "userSourceCode": "CO",
      "benefitClaimId": null,
      "sourceApplication": null,
      "eventStatus": null,
      "sourceId": null,
      "productName": null,
      "productGroup": null,
      "isEditable": true,
      "openBlock": true,
      "contactChannels": [
        {
          "contactChannelId": "200010091521",
          "contactChannel": "EMAIL",
          "contactChannelType": "PRIMARY",
          "contactChannelValue": "deepak.kapdi@prudential.com",
          "phoneExtension": null,
          "contactStatus": "VERIFIED",
          "isEditable": true,
          "editableReasonCode": null,
          "editableReasonDescription": null,
          "eventStatus": null,
          "isUpdated": false,
          "isDeleted": false
        },
        {
          "contactChannelId": "200010304752",
          "contactChannel": "PHONE",
          "contactChannelType": "MOBILE",
          "contactChannelValue": "1156042786",
          "phoneExtension": null,
          "contactStatus": "VERIFIED",
          "isEditable": true,
          "editableReasonCode": null,
          "editableReasonDescription": null,
          "eventStatus": null,
          "isUpdated": false,
          "isDeleted": false
        }
      ],
      "contactAddresses": [
        {
          "contactAddressId": "200072573760",
          "addressType": "HOME",
          "addressLine1": "8883",
          "addressLine2": "WOODSMAN",
          "addressLine3": "AVENUE",
          "addressLine4": null,
          "city": "WATERLOO",
          "state": "IA",
          "country": "USA",
          "zipCode": "50701",
          "zipPlus4": "4444",
          "addressStatus": null,
          "isEditable": true,
          "editableReasonCode": null,
          "editableReasonDescription": null,
          "isUpdated": false,
          "isDeleted": false,
          "eventStatus": null,
          "validate": false
        }
      ]
    },
    {
      "personalInfo": {
        "firstName": null,
        "middleName": null,
        "lastName": null,
        "prefix": null,
        "suffix": null,
        "preferredName": null,
        "maritalStatus": null,
        "dateOfBirth": null,
        "gender": null,
        "ssn": null,
        "userSource": null,
        "citizenship": null,
        "occupation": null,
        "salary": null,
        "userStatus": null,
        "permanentResident": null,
        "visaType": null,
        "visaExpiration": null,
        "countryOfBirth": null,
        "employmentStatus": null,
        "employerName": null,
        "position": null,
        "last4Ssn": null,
        "profilePhotoLink": null,
        "euResidentFlag": null,
        "sourceId": null,
        "poaCoUserId": null,
        "ownerCoUserId": null
      },
      "userType": null,
      "ssoId": "25108854",
      "coUserId": "100167562819",
      "contractId": " L8833374",
      "relationshipToAccount": null,
      "lineOfBusinessCode": "ILI",
      "bURelationShip": "Life",
      "userSourceCode": "CIS",
      "benefitClaimId": null,
      "sourceApplication": null,
      "eventStatus": null,
      "sourceId": "_321JaKrs_lUxY5mtd7L6g",
      "productName": "PRULIFE RETURN OF PREMIUM TERM",
      "productGroup": "LIFE",
      "isEditable": true,
      "openBlock": true,
      "contactChannels": [
        {
          "contactChannelId": "5ccc11977a86570030886220",
          "contactChannel": "PHONE",
          "contactChannelType": "Home",
          "contactChannelValue": "1150762847",
          "phoneExtension": null,
          "contactStatus": null,
          "isEditable": true,
          "editableReasonCode": null,
          "editableReasonDescription": null,
          "eventStatus": "COMPLETED",
          "isUpdated": false,
          "isDeleted": false
        },
        {
          "contactChannelId": "5cca9882d7932300248c3662",
          "contactChannel": "PHONE",
          "contactChannelType": "Work",
          "contactChannelValue": "2143154167",
          "phoneExtension": null,
          "contactStatus": null,
          "isEditable": true,
          "editableReasonCode": null,
          "editableReasonDescription": null,
          "eventStatus": null,
          "isUpdated": false,
          "isDeleted": false
        },
        {
          "contactChannelId": "5ccbec9ba9edf60049b936dd",
          "contactChannel": "PHONE",
          "contactChannelType": "Mobile",
          "contactChannelValue": "7816621954",
          "phoneExtension": null,
          "contactStatus": null,
          "isEditable": true,
          "editableReasonCode": null,
          "editableReasonDescription": null,
          "eventStatus": null,
          "isUpdated": false,
          "isDeleted": false
        },
        {
          "contactChannelId": "437565869",
          "contactChannel": "EMAIL",
          "contactChannelType": "Primary",
          "contactChannelValue": "TESTEMAIL577698@TEST.COM",
          "phoneExtension": null,
          "contactStatus": null,
          "isEditable": true,
          "editableReasonCode": null,
          "editableReasonDescription": null,
          "eventStatus": null,
          "isUpdated": false,
          "isDeleted": false
        },
        {
          "contactChannelId": "",
          "contactChannel": "EMAIL",
          "contactChannelType": "Secondary",
          "contactChannelValue": "TESTEMAIL335736TEST9921@TEST.COM",
          "phoneExtension": null,
          "contactStatus": null,
          "isEditable": true,
          "editableReasonCode": null,
          "editableReasonDescription": null,
          "eventStatus": null,
          "isUpdated": false,
          "isDeleted": false
        }
      ],
      "contactAddresses": [
        {
          "contactAddressId": "431535681",
          "addressType": "HOME",
          "addressLine1": "8883",
          "addressLine2": "WOODSMAN",
          "addressLine3": "AVENUE",
          "addressLine4": null,
          "city": "WATERLOO",
          "state": "IA",
          "country": "USA",
          "zipCode": "50701",
          "zipPlus4": "4444",
          "addressStatus": null,
          "isEditable": true,
          "editableReasonCode": "",
          "editableReasonDescription": "",
          "isUpdated": false,
          "isDeleted": false,
          "eventStatus": "COMPLETED",
          "validate": false
        },
        {
          "contactAddressId": "120394931",
          "addressType": "CORRESPONDENCE",
          "addressLine1": "213 WASHINGTON ST",
          "addressLine2": "",
          "addressLine3": "",
          "addressLine4": null,
          "city": "NEWARK",
          "state": "NJ",
          "country": "USA",
          "zipCode": "07102",
          "zipPlus4": "2917",
          "addressStatus": null,
          "isEditable": true,
          "editableReasonCode": "",
          "editableReasonDescription": "",
          "isUpdated": false,
          "isDeleted": false,
          "eventStatus": null,
          "validate": false
        }
      ]
    }
  ],
  "totalNumberOfProfiles": "2"
}