{
  "responseCode":"200",
  "responseStatus":"Success",
  "profiles":[
    {
      "userType":null,
      "ssoId":null,
      "coUserId":"700015801518",
      "contractId":" L6849450",
      "relationshipToAccount":null,
      "lineOfBusinessCode":"ILI",
      "bURelationShip":"Life",
      "userSourceCode":"CIS",
      "benefitClaimId":null,
      "sourceApplication":null,
      "eventStatus":null,
      "sourceId":"CsQe70pY-durtxQ6Bk5xVw",
      "productName":"LEVEL TERM",
      "productGroup":"LIFE",
      "isEditable":true,
      "openBlock":true,
      "contactChannels":[
        {
          "contactChannelId":"",
          "contactChannel":"PHONE",
          "contactChannelType":"Home",
          "contactChannelValue":"4152349989",
          "phoneExtension":null,
          "contactStatus":null,
          "isEditable":true,
          "editableReasonCode":null,
          "editableReasonDescription":null,
          "eventStatus":null,
          "isUpdated":false,
          "isDeleted":false
        },
        {
          "contactChannelId":"5cdc6f1ab58f7c0048bc8ea2",
          "contactChannel":"PHONE",
          "contactChannelType":"Work",
          "contactChannelValue":"4153333333",
          "phoneExtension":null,
          "contactStatus":null,
          "isEditable":true,
          "editableReasonCode":null,
          "editableReasonDescription":null,
          "eventStatus":"COMPLETED",
          "isUpdated":false,
          "isDeleted":false
        },
        {
          "contactChannelId":"",
          "contactChannel":"PHONE",
          "contactChannelType":"Mobile",
          "contactChannelValue":"4159950483",
          "phoneExtension":null,
          "contactStatus":null,
          "isEditable":true,
          "editableReasonCode":null,
          "editableReasonDescription":null,
          "eventStatus":"COMPLETED",
          "isUpdated":false,
          "isDeleted":false
        },
        {
          "contactChannelId":"843569667",
          "contactChannel":"EMAIL",
          "contactChannelType":"Secondary",
          "contactChannelValue":"YEL.K@PRU.COM",
          "phoneExtension":null,
          "contactStatus":null,
          "isEditable":true,
          "editableReasonCode":null,
          "editableReasonDescription":null,
          "eventStatus":"COMPLETED",
          "isUpdated":false,
          "isDeleted":false
        },
        {
          "contactChannelId":"835206453",
          "contactChannel":"EMAIL",
          "contactChannelType":"Primary",
          "contactChannelValue":"POST.DEV.TEST@TEST.COM",
          "phoneExtension":null,
          "contactStatus":null,
          "isEditable":true,
          "editableReasonCode":null,
          "editableReasonDescription":null,
          "eventStatus":"COMPLETED",
          "isUpdated":false,
          "isDeleted":false
        }
      ],
      "contactAddresses":[
        {
          "contactAddressId":"883690483",
          "addressType":"HOME",
          "addressLine1":"LINE 21",
          "addressLine2":"LINE 22",
          "addressLine3":"LINE 23",
          "addressLine4":null,
          "city":"HARTFORD",
          "state":"CT",
          "country":"USA",
          "zipCode":"06101",
          "zipPlus4":null,
          "addressStatus":null,
          "isEditable":true,
          "editableReasonCode":"",
          "editableReasonDescription":"",
          "isUpdated":false,
          "isDeleted":false,
          "eventStatus":"INIT",
          "validate":false
        },
        {
          "contactAddressId":"883690483",
          "addressType":"CORRESPONDENCE",
          "addressLine1":"LINE 21",
          "addressLine2":"LINE 22",
          "addressLine3":"LINE 23",
          "addressLine4":null,
          "city":"HARTFORD",
          "state":"CT",
          "country":"USA",
          "zipCode":"06101",
          "zipPlus4":null,
          "addressStatus":null,
          "isEditable":true,
          "editableReasonCode":"",
          "editableReasonDescription":"",
          "isUpdated":false,
          "isDeleted":false,
          "eventStatus":"COMPLETED",
          "validate":false
        }
      ]
    }
  ],
  "totalNumberOfProfiles":"1"
}