{
  "responseCode": "200",
  "responseStatus": "Success",
  "profiles": [
    {
      "personalInfo": {
        "firstName": "Test",
        "middleName": "J",
        "lastName": "Tester",
        "prefix": "AR",
        "suffix": null,
        "preferredName": "test",
        "maritalStatus": null,
        "dateOfBirth": "10/02/1984",
        "gender": "MALE",
        "ssn": "610572499",
        "userSource": null,
        "citizenship": null,
        "occupation": null,
        "salary": null,
        "userStatus": "ACTIVE",
        "permanentResident": null,
        "visaType": null,
        "visaExpiration": null,
        "countryOfBirth": null,
        "employmentStatus": null,
        "employerName": null,
        "position": null,
        "last4Ssn": "2499",
        "profilePhotoLink": null,
        "euResidentFlag": "N",
        "sourceId": null,
        "poaCoUserId": null,
        "ownerCoUserId": null,
        "deleted": "N"
      },
      "disclosures": {
        "controlPerson": null,
        "companySymbols": null,
        "politicallyExposed": null,
        "organization": null,
        "relationship": null,
        "finraAffiliated": null,
        "firmName": null,
        "affliatedApprovalID": null
      },
      "suitability": {
        "timeHorizon": null,
        "liquidityNeeds": null,
        "investmentObjective": null,
        "riskTolerance": null
      },
      "investmentInfo": {
        "investmentExperience": null,
        "taxBracket": null,
        "annualIncome": null,
        "liquidNetWorth": null,
        "totalNetWorth": null
      },
      "trustedContactPerson": {
        "trustedContactPersonFlag": null,
        "trustedContactPersonEmail": null,
        "trustedContactPersonPhone": null,
        "trustedContactFirstName": null,
        "trustedContactLastName": null,
        "trustedContactAddress1": null,
        "trustedContactStreetAddress": null,
        "trustedContactCity": null,
        "trustedContactState": null,
        "trustedContactPostalCode": null,
        "trustedContactCountry": null
      },
      "userType": "CUSTOMER",
      "ssoId": "",
      "coUserId": "",
      "contractId": "",
      "relationshipToAccount": null,
      "lineOfBusinessCode": null,
      "bURelationShip": "INDV",
      "userSourceCode": "CO",
      "benefitClaimId": null,
      "sourceApplication": "ADVICE2",
      "eventStatus": null,
      "sourceId": null,
      "productName": null,
      "productGroup": null,
      "isEditable": true,
      "openBlock": true,
      "contactChannels": [
        {
          "contactChannelId": "",
          "contactChannel": "PHONE",
          "contactChannelType": "HOME",
          "contactChannelValue": "9843840172",
          "phoneExtension": null,
          "contactStatus": "UNVERIFIED",
          "isEditable": true,
          "editableReasonCode": null,
          "editableReasonDescription": null,
          "eventStatus": null,
          "isUpdated": false,
          "isDeleted": false
        },
        {
          "contactChannelId": "",
          "contactChannel": "PHONE",
          "contactChannelType": "MOBILE",
          "contactChannelValue": "1526600941",
          "phoneExtension": null,
          "contactStatus": "UNVERIFIED",
          "isEditable": true,
          "editableReasonCode": null,
          "editableReasonDescription": null,
          "eventStatus": null,
          "isUpdated": false,
          "isDeleted": false
        },
        {
          "contactChannelId": "",
          "contactChannel": "EMAIL",
          "contactChannelType": "PRIMARY",
          "contactChannelValue": "test.tester123@prudential.com",
          "phoneExtension": null,
          "contactStatus": "VERIFIED",
          "isEditable": true,
          "editableReasonCode": null,
          "editableReasonDescription": null,
          "eventStatus": null,
          "isUpdated": false,
          "isDeleted": false
        },
        {
          "contactChannelId": "",
          "contactChannel": "PHONE",
          "contactChannelType": "WORK",
          "contactChannelValue": "9843840166",
          "phoneExtension": null,
          "contactStatus": "UNVERIFIED",
          "isEditable": true,
          "editableReasonCode": null,
          "editableReasonDescription": null,
          "eventStatus": null,
          "isUpdated": false,
          "isDeleted": false
        },
        {
          "contactChannelId": "",
          "contactChannel": "EMAIL",
          "contactChannelType": "SECONDARY",
          "contactChannelValue": "ABIRAMI004@PRUDENTIAL.COM",
          "phoneExtension": null,
          "contactStatus": "UNVERIFIED",
          "isEditable": true,
          "editableReasonCode": null,
          "editableReasonDescription": null,
          "eventStatus": null,
          "isUpdated": false,
          "isDeleted": false
        },
        {
          "contactChannelId": "",
          "contactChannel": "PHONE",
          "contactChannelType": "NIGHT",
          "contactChannelValue": "2134567655",
          "phoneExtension": null,
          "contactStatus": "UNVERIFIED",
          "isEditable": true,
          "editableReasonCode": null,
          "editableReasonDescription": null,
          "eventStatus": null,
          "isUpdated": false,
          "isDeleted": false
        }
      ],
      "contactAddresses": [
        {
          "contactAddressId": "",
          "addressType": "HOME",
          "addressLine1": "57",
          "addressLine2": "NORTH HALL",
          "addressLine3": "ROAD",
          "addressLine4": "line4 edites",
          "city": "FLUSHING",
          "state": "NY",
          "country": "USA",
          "zipCode": "11354",
          "zipPlus4": "3333",
          "addressStatus": null,
          "isEditable": true,
          "editableReasonCode": null,
          "editableReasonDescription": null,
          "isUpdated": false,
          "isDeleted": false,
          "eventStatus": null,
          "validate": true
        },
        {
          "contactAddressId": "",
          "addressType": "WORK",
          "addressLine1": "123 WASHINGTON ST STRE 1",
          "addressLine2": null,
          "addressLine3": null,
          "addressLine4": null,
          "city": "HOLLISTON",
          "state": "MA",
          "country": "USA",
          "zipCode": "94002",
          "zipPlus4": "2323",
          "addressStatus": null,
          "isEditable": true,
          "editableReasonCode": null,
          "editableReasonDescription": null,
          "isUpdated": false,
          "isDeleted": false,
          "eventStatus": null,
          "validate": true
        }
      ],
      "employers": [
        {
          "employeeId": null,
          "employer": null,
          "planId": null,
          "institutionName": null,
          "clientId": null,
          "clientMasterKey": null
        },
        {
          "employeeId": null,
          "employer": null,
          "planId": null,
          "institutionName": null,
          "clientId": null,
          "clientMasterKey": null
        },
        {
          "employeeId": null,
          "employer": null,
          "planId": null,
          "institutionName": null,
          "clientId": null,
          "clientMasterKey": null
        },
        {
          "employeeId": null,
          "employer": null,
          "planId": null,
          "institutionName": null,
          "clientId": null,
          "clientMasterKey": null
        }
      ]
    }
  ],
  "totalNumberOfProfiles": "1"
}