{
  "responseCode": "200",
  "responseStatus": "Success",
  "profiles": [
    {
      "personalInfo": {
        "firstName": "CROFFORD",
        "middleName": "J",
        "lastName": "MERLOl",
        "prefix": "AR",
        "suffix": null,
        "preferredName": null,
        "maritalStatus": null,
        "dateOfBirth": "10/01/1984",
        "gender": "FEMALE",
        "ssn": "610572453",
        "userSource": null,
        "citizenship": null,
        "occupation": null,
        "salary": null,
        "userStatus": "ACTIVE",
        "permanentResident": null,
        "visaType": null,
        "visaExpiration": null,
        "countryOfBirth": null,
        "employmentStatus": null,
        "employerName": null,
        "position": null,
        "last4Ssn": "2453",
        "profilePhotoLink": null,
        "euResidentFlag": "N",
        "sourceId": null,
        "poaCoUserId": null,
        "ownerCoUserId": null,
        "deleted": "N"
      },
      "userType": "CUSTOMER",
      "ssoId": "26018564",
      "coUserId": "200095461405",
      "contractId": null,
      "relationshipToAccount": null,
      "lineOfBusinessCode": null,
      "bURelationShip": "INDV",
      "userSourceCode": "CO",
      "benefitClaimId": null,
      "sourceApplication": null,
      "eventStatus": null,
      "sourceId": null,
      "productName": null,
      "productGroup": null,
      "isEditable": true,
      "openBlock": true,
      "contactChannels": [
        {
          "contactChannelId": "200010166231",
          "contactChannel": "EMAIL",
          "contactChannelType": "PRIMARY",
          "contactChannelValue": "deepak.kapdi@prudential.com",
          "phoneExtension": null,
          "contactStatus": "VERIFIED",
          "isEditable": true,
          "editableReasonCode": null,
          "editableReasonDescription": null,
          "eventStatus": null,
          "isUpdated": false,
          "isDeleted": false
        },
        {
          "contactChannelId": "200010333473",
          "contactChannel": "PHONE",
          "contactChannelType": "WORK",
          "contactChannelValue": "9843840175",
          "phoneExtension": null,
          "contactStatus": "UNVERIFIED",
          "isEditable": true,
          "editableReasonCode": null,
          "editableReasonDescription": null,
          "eventStatus": null,
          "isUpdated": false,
          "isDeleted": false
        },
        {
          "contactChannelId": "200010333474",
          "contactChannel": "PHONE",
          "contactChannelType": "MOBILE",
          "contactChannelValue": "4155336399",
          "phoneExtension": null,
          "contactStatus": "UNVERIFIED",
          "isEditable": true,
          "editableReasonCode": null,
          "editableReasonDescription": null,
          "eventStatus": null,
          "isUpdated": false,
          "isDeleted": false
        },
        {
          "contactChannelId": "200010333475",
          "contactChannel": "EMAIL",
          "contactChannelType": "SECONDARY",
          "contactChannelValue": "ABIRAMI003@PRUDENTIAL.COM",
          "phoneExtension": null,
          "contactStatus": "UNVERIFIED",
          "isEditable": true,
          "editableReasonCode": null,
          "editableReasonDescription": null,
          "eventStatus": null,
          "isUpdated": false,
          "isDeleted": false
        },
        {
          "contactChannelId": "200010337436",
          "contactChannel": "PHONE",
          "contactChannelType": "HOME",
          "contactChannelValue": "5544332213",
          "phoneExtension": null,
          "contactStatus": "UNVERIFIED",
          "isEditable": true,
          "editableReasonCode": null,
          "editableReasonDescription": null,
          "eventStatus": null,
          "isUpdated": false,
          "isDeleted": false
        }
      ],
      "contactAddresses": [
        {
          "contactAddressId": "200072559106",
          "addressType": "HOME",
          "addressLine1": "69",
          "addressLine2": "S MAIN",
          "addressLine3": "AVE",
          "addressLine4": "line4 edites",
          "city": "CLAYTON",
          "state": "NC",
          "country": "USA",
          "zipCode": "27520",
          "zipPlus4": "2222",
          "addressStatus": null,
          "isEditable": true,
          "editableReasonCode": null,
          "editableReasonDescription": null,
          "isUpdated": false,
          "isDeleted": false,
          "eventStatus": null,
          "validate": true
        },
        {
          "contactAddressId": "200072567118",
          "addressType": "WORK",
          "addressLine1": "123 WASHINGTON ST STRE 1",
          "addressLine2": null,
          "addressLine3": null,
          "addressLine4": null,
          "city": "HOLLISTON",
          "state": "MA",
          "country": "USA",
          "zipCode": "94002",
          "zipPlus4": "2323",
          "addressStatus": null,
          "isEditable": true,
          "editableReasonCode": null,
          "editableReasonDescription": null,
          "isUpdated": false,
          "isDeleted": false,
          "eventStatus": null,
          "validate": true
        }
      ]
    },
    {
      "personalInfo": {
        "firstName": null,
        "middleName": null,
        "lastName": null,
        "prefix": null,
        "suffix": null,
        "preferredName": null,
        "maritalStatus": null,
        "dateOfBirth": null,
        "gender": null,
        "ssn": null,
        "userSource": null,
        "citizenship": null,
        "occupation": null,
        "salary": null,
        "userStatus": null,
        "permanentResident": null,
        "visaType": null,
        "visaExpiration": null,
        "countryOfBirth": null,
        "employmentStatus": null,
        "employerName": null,
        "position": null,
        "last4Ssn": null,
        "profilePhotoLink": null,
        "euResidentFlag": null,
        "sourceId": null,
        "poaCoUserId": null,
        "ownerCoUserId": null
      },
      "userType": null,
      "ssoId": "25209056",
      "coUserId": "49550",
      "contractId": " L0960391",
      "relationshipToAccount": null,
      "lineOfBusinessCode": "ILI",
      "bURelationShip": "Life",
      "userSourceCode": "CIS",
      "benefitClaimId": null,
      "sourceApplication": null,
      "eventStatus": null,
      "sourceId": "KNiBHjEU19Ze4_f_pGVo1g",
      "productName": "LEVEL TERM",
      "productGroup": "LIFE",
      "isEditable": true,
      "openBlock": true,
      "contactChannels": [
        {
          "contactChannelId": "5cd96985843999003cd4ba04",
          "contactChannel": "PHONE",
          "contactChannelType": "Home",
          "contactChannelValue": "1119253534",
          "phoneExtension": null,
          "contactStatus": null,
          "isEditable": true,
          "editableReasonCode": null,
          "editableReasonDescription": null,
          "eventStatus": "COMPLETED",
          "isUpdated": false,
          "isDeleted": false
        },
        {
          "contactChannelId": "5cd97a878e70a2003bfcbeeb",
          "contactChannel": "PHONE",
          "contactChannelType": "Work",
          "contactChannelValue": "9843840175",
          "phoneExtension": null,
          "contactStatus": null,
          "isEditable": true,
          "editableReasonCode": null,
          "editableReasonDescription": null,
          "eventStatus": "COMPLETED",
          "isUpdated": false,
          "isDeleted": false
        },
        {
          "contactChannelId": "5cd94f84843999003cd4b9aa",
          "contactChannel": "PHONE",
          "contactChannelType": "Mobile",
          "contactChannelValue": "4155336399",
          "phoneExtension": null,
          "contactStatus": null,
          "isEditable": true,
          "editableReasonCode": null,
          "editableReasonDescription": null,
          "eventStatus": "COMPLETED",
          "isUpdated": false,
          "isDeleted": false
        },
        {
          "contactChannelId": "",
          "contactChannel": "EMAIL",
          "contactChannelType": "Secondary",
          "contactChannelValue": "ABIRAMI008@PRUDENTIAL.COM",
          "phoneExtension": null,
          "contactStatus": null,
          "isEditable": true,
          "editableReasonCode": null,
          "editableReasonDescription": null,
          "eventStatus": null,
          "isUpdated": false,
          "isDeleted": false
        },
        {
          "contactChannelId": null,
          "contactChannel": "EMAIL",
          "contactChannelType": "PRIMARY",
          "contactChannelValue": "deepak.kapdi@prudential.com",
          "phoneExtension": null,
          "contactStatus": "UNVERIFIED",
          "isEditable": false,
          "editableReasonCode": null,
          "editableReasonDescription": null,
          "eventStatus": "PENDING",
          "isUpdated": false,
          "isDeleted": false
        }
      ],
      "contactAddresses": [
        {
          "contactAddressId": "213530165",
          "addressType": "HOME",
          "addressLine1": "877",
          "addressLine2": "NICHOLS",
          "addressLine3": "DR",
          "addressLine4": null,
          "city": "GAITHERSBURG",
          "state": "MD",
          "country": "USA",
          "zipCode": "20877",
          "zipPlus4": "5555",
          "addressStatus": null,
          "isEditable": true,
          "editableReasonCode": "",
          "editableReasonDescription": "",
          "isUpdated": false,
          "isDeleted": false,
          "eventStatus": "PENDING",
          "validate": false
        },
        {
          "contactAddressId": "279519455",
          "addressType": "CORRESPONDENCE",
          "addressLine1": "W 5TH ST",
          "addressLine2": "SAN BERNARDINO CA",
          "addressLine3": "3 STR",
          "addressLine4": null,
          "city": "DOVER",
          "state": "DE",
          "country": "USA",
          "zipCode": "35019",
          "zipPlus4": null,
          "addressStatus": null,
          "isEditable": true,
          "editableReasonCode": "",
          "editableReasonDescription": "",
          "isUpdated": false,
          "isDeleted": false,
          "eventStatus": null,
          "validate": false
        }
      ]
    },
    {
      "personalInfo": {
        "firstName": null,
        "middleName": null,
        "lastName": null,
        "prefix": null,
        "suffix": null,
        "preferredName": null,
        "maritalStatus": null,
        "dateOfBirth": null,
        "gender": null,
        "ssn": null,
        "userSource": null,
        "citizenship": null,
        "occupation": null,
        "salary": null,
        "userStatus": null,
        "permanentResident": null,
        "visaType": null,
        "visaExpiration": null,
        "countryOfBirth": null,
        "employmentStatus": null,
        "employerName": null,
        "position": null,
        "last4Ssn": null,
        "profilePhotoLink": null,
        "euResidentFlag": null,
        "sourceId": null,
        "poaCoUserId": null,
        "ownerCoUserId": null
      },
      "userType": null,
      "ssoId": "25209056",
      "coUserId": "49550",
      "contractId": " L7604624",
      "relationshipToAccount": null,
      "lineOfBusinessCode": "ILI",
      "bURelationShip": "Life",
      "userSourceCode": "CIS",
      "benefitClaimId": null,
      "sourceApplication": null,
      "eventStatus": null,
      "sourceId": "KNiBHjEU19Ze4_f_pGVo1g",
      "productName": "LEVEL TERM",
      "productGroup": "LIFE",
      "isEditable": true,
      "openBlock": true,
      "contactChannels": [
        {
          "contactChannelId": "5cd96985843999003cd4ba04",
          "contactChannel": "PHONE",
          "contactChannelType": "Home",
          "contactChannelValue": "1119253534",
          "phoneExtension": null,
          "contactStatus": null,
          "isEditable": true,
          "editableReasonCode": null,
          "editableReasonDescription": null,
          "eventStatus": "COMPLETED",
          "isUpdated": false,
          "isDeleted": false
        },
        {
          "contactChannelId": "5cd97a878e70a2003bfcbeeb",
          "contactChannel": "PHONE",
          "contactChannelType": "Work",
          "contactChannelValue": "9843840175",
          "phoneExtension": null,
          "contactStatus": null,
          "isEditable": true,
          "editableReasonCode": null,
          "editableReasonDescription": null,
          "eventStatus": "COMPLETED",
          "isUpdated": false,
          "isDeleted": false
        },
        {
          "contactChannelId": "5cd94f84843999003cd4b9aa",
          "contactChannel": "PHONE",
          "contactChannelType": "Mobile",
          "contactChannelValue": "4155336399",
          "phoneExtension": null,
          "contactStatus": null,
          "isEditable": true,
          "editableReasonCode": null,
          "editableReasonDescription": null,
          "eventStatus": "COMPLETED",
          "isUpdated": false,
          "isDeleted": false
        },
        {
          "contactChannelId": "334384869",
          "contactChannel": "EMAIL",
          "contactChannelType": "Secondary",
          "contactChannelValue": "ABIRAMI003@PRUDENTIAL.COM",
          "phoneExtension": null,
          "contactStatus": null,
          "isEditable": true,
          "editableReasonCode": null,
          "editableReasonDescription": null,
          "eventStatus": null,
          "isUpdated": false,
          "isDeleted": false
        },
        {
          "contactChannelId": null,
          "contactChannel": "EMAIL",
          "contactChannelType": "PRIMARY",
          "contactChannelValue": "deepak.kapdi@prudential.com",
          "phoneExtension": null,
          "contactStatus": "UNVERIFIED",
          "isEditable": false,
          "editableReasonCode": null,
          "editableReasonDescription": null,
          "eventStatus": "PENDING",
          "isUpdated": false,
          "isDeleted": false
        }
      ],
      "contactAddresses": [
        {
          "contactAddressId": "213530165",
          "addressType": "HOME",
          "addressLine1": "877",
          "addressLine2": "NICHOLS",
          "addressLine3": "DR",
          "addressLine4": null,
          "city": "GAITHERSBURG",
          "state": "MD",
          "country": "USA",
          "zipCode": "20877",
          "zipPlus4": "5555",
          "addressStatus": null,
          "isEditable": true,
          "editableReasonCode": "",
          "editableReasonDescription": "",
          "isUpdated": false,
          "isDeleted": false,
          "eventStatus": null,
          "validate": false
        },
        {
          "contactAddressId": "279519455",
          "addressType": "CORRESPONDENCE",
          "addressLine1": "W 5TH ST",
          "addressLine2": "SAN BERNARDINO CA",
          "addressLine3": "3 STR",
          "addressLine4": null,
          "city": "DOVER",
          "state": "DE",
          "country": "USA",
          "zipCode": "35019",
          "zipPlus4": null,
          "addressStatus": null,
          "isEditable": true,
          "editableReasonCode": "",
          "editableReasonDescription": "",
          "isUpdated": false,
          "isDeleted": false,
          "eventStatus": null,
          "validate": false
        }
      ]
    },
    {
      "personalInfo": {
        "firstName": null,
        "middleName": null,
        "lastName": null,
        "prefix": null,
        "suffix": null,
        "preferredName": null,
        "maritalStatus": null,
        "dateOfBirth": null,
        "gender": null,
        "ssn": null,
        "userSource": null,
        "citizenship": null,
        "occupation": null,
        "salary": null,
        "userStatus": null,
        "permanentResident": null,
        "visaType": null,
        "visaExpiration": null,
        "countryOfBirth": null,
        "employmentStatus": null,
        "employerName": null,
        "position": null,
        "last4Ssn": null,
        "profilePhotoLink": null,
        "euResidentFlag": null,
        "sourceId": null,
        "poaCoUserId": null,
        "ownerCoUserId": null
      },
      "userType": null,
      "ssoId": "25209056",
      "coUserId": "49550",
      "contractId": " V4616013",
      "relationshipToAccount": null,
      "lineOfBusinessCode": "ILI",
      "bURelationShip": "Life",
      "userSourceCode": "CIS",
      "benefitClaimId": null,
      "sourceApplication": null,
      "eventStatus": null,
      "sourceId": "KNiBHjEU19Ze4_f_pGVo1g",
      "productName": "SINGLE PREMIUM UNIVERSAL LIFE",
      "productGroup": "LIFE",
      "isEditable": true,
      "openBlock": true,
      "contactChannels": [
        {
          "contactChannelId": "5cd96985843999003cd4ba04",
          "contactChannel": "PHONE",
          "contactChannelType": "Home",
          "contactChannelValue": "1119253534",
          "phoneExtension": null,
          "contactStatus": null,
          "isEditable": true,
          "editableReasonCode": null,
          "editableReasonDescription": null,
          "eventStatus": "COMPLETED",
          "isUpdated": false,
          "isDeleted": false
        },
        {
          "contactChannelId": "5cd97a878e70a2003bfcbeeb",
          "contactChannel": "PHONE",
          "contactChannelType": "Work",
          "contactChannelValue": "9843840175",
          "phoneExtension": null,
          "contactStatus": null,
          "isEditable": true,
          "editableReasonCode": null,
          "editableReasonDescription": null,
          "eventStatus": "COMPLETED",
          "isUpdated": false,
          "isDeleted": false
        },
        {
          "contactChannelId": "5cd94f84843999003cd4b9aa",
          "contactChannel": "PHONE",
          "contactChannelType": "Mobile",
          "contactChannelValue": "4155336399",
          "phoneExtension": null,
          "contactStatus": null,
          "isEditable": true,
          "editableReasonCode": null,
          "editableReasonDescription": null,
          "eventStatus": "COMPLETED",
          "isUpdated": false,
          "isDeleted": false
        },
        {
          "contactChannelId": "334384869",
          "contactChannel": "EMAIL",
          "contactChannelType": "Secondary",
          "contactChannelValue": "ABIRAMI003@PRUDENTIAL.COM",
          "phoneExtension": null,
          "contactStatus": null,
          "isEditable": true,
          "editableReasonCode": null,
          "editableReasonDescription": null,
          "eventStatus": null,
          "isUpdated": false,
          "isDeleted": false
        },
        {
          "contactChannelId": null,
          "contactChannel": "EMAIL",
          "contactChannelType": "PRIMARY",
          "contactChannelValue": "deepak.kapdi@prudential.com",
          "phoneExtension": null,
          "contactStatus": "UNVERIFIED",
          "isEditable": false,
          "editableReasonCode": null,
          "editableReasonDescription": null,
          "eventStatus": "PENDING",
          "isUpdated": false,
          "isDeleted": false
        }
      ],
      "contactAddresses": [
        {
          "contactAddressId": "213530165",
          "addressType": "HOME",
          "addressLine1": "877",
          "addressLine2": "NICHOLS",
          "addressLine3": "DR",
          "addressLine4": null,
          "city": "GAITHERSBURG",
          "state": "MD",
          "country": "USA",
          "zipCode": "20877",
          "zipPlus4": "5555",
          "addressStatus": null,
          "isEditable": true,
          "editableReasonCode": "",
          "editableReasonDescription": "",
          "isUpdated": false,
          "isDeleted": false,
          "eventStatus": null,
          "validate": false
        },
        {
          "contactAddressId": "363931817",
          "addressType": "CORRESPONDENCE",
          "addressLine1": "21501 FRANK COMBS CIR",
          "addressLine2": "TRIAL",
          "addressLine3": "",
          "addressLine4": null,
          "city": "BILOXI",
          "state": "MS",
          "country": "USA",
          "zipCode": "39531",
          "zipPlus4": null,
          "addressStatus": null,
          "isEditable": true,
          "editableReasonCode": "",
          "editableReasonDescription": "",
          "isUpdated": false,
          "isDeleted": false,
          "eventStatus": null,
          "validate": false
        }
      ]
    },
    {
      "personalInfo": {
        "firstName": null,
        "middleName": null,
        "lastName": null,
        "prefix": null,
        "suffix": null,
        "preferredName": null,
        "maritalStatus": null,
        "dateOfBirth": null,
        "gender": null,
        "ssn": null,
        "userSource": null,
        "citizenship": null,
        "occupation": null,
        "salary": null,
        "userStatus": null,
        "permanentResident": null,
        "visaType": null,
        "visaExpiration": null,
        "countryOfBirth": null,
        "employmentStatus": null,
        "employerName": null,
        "position": null,
        "last4Ssn": null,
        "profilePhotoLink": null,
        "euResidentFlag": null,
        "sourceId": null,
        "poaCoUserId": null,
        "ownerCoUserId": null
      },
      "userType": null,
      "ssoId": "25209056",
      "coUserId": "49550",
      "contractId": " 61187615",
      "relationshipToAccount": null,
      "lineOfBusinessCode": "ILI",
      "bURelationShip": "Life",
      "userSourceCode": "CIS",
      "benefitClaimId": null,
      "sourceApplication": null,
      "eventStatus": null,
      "sourceId": "KNiBHjEU19Ze4_f_pGVo1g",
      "productName": "004",
      "productGroup": "004",
      "isEditable": true,
      "openBlock": false,
      "contactChannels": [
        {
          "contactChannelId": "5cd96985843999003cd4ba04",
          "contactChannel": "PHONE",
          "contactChannelType": "Home",
          "contactChannelValue": "1119253534",
          "phoneExtension": null,
          "contactStatus": null,
          "isEditable": true,
          "editableReasonCode": null,
          "editableReasonDescription": null,
          "eventStatus": "COMPLETED",
          "isUpdated": false,
          "isDeleted": false
        },
        {
          "contactChannelId": "5cd97a878e70a2003bfcbeeb",
          "contactChannel": "PHONE",
          "contactChannelType": "Work",
          "contactChannelValue": "9843840175",
          "phoneExtension": null,
          "contactStatus": null,
          "isEditable": true,
          "editableReasonCode": null,
          "editableReasonDescription": null,
          "eventStatus": "COMPLETED",
          "isUpdated": false,
          "isDeleted": false
        },
        {
          "contactChannelId": "5cd94f84843999003cd4b9aa",
          "contactChannel": "PHONE",
          "contactChannelType": "Mobile",
          "contactChannelValue": "4155336399",
          "phoneExtension": null,
          "contactStatus": null,
          "isEditable": true,
          "editableReasonCode": null,
          "editableReasonDescription": null,
          "eventStatus": "COMPLETED",
          "isUpdated": false,
          "isDeleted": false
        },
        {
          "contactChannelId": "334384869",
          "contactChannel": "EMAIL",
          "contactChannelType": "Secondary",
          "contactChannelValue": "ABIRAMI003@PRUDENTIAL.COM",
          "phoneExtension": null,
          "contactStatus": null,
          "isEditable": true,
          "editableReasonCode": null,
          "editableReasonDescription": null,
          "eventStatus": null,
          "isUpdated": false,
          "isDeleted": false
        },
        {
          "contactChannelId": null,
          "contactChannel": "EMAIL",
          "contactChannelType": "PRIMARY",
          "contactChannelValue": "deepak.kapdi@prudential.com",
          "phoneExtension": null,
          "contactStatus": "UNVERIFIED",
          "isEditable": false,
          "editableReasonCode": null,
          "editableReasonDescription": null,
          "eventStatus": "PENDING",
          "isUpdated": false,
          "isDeleted": false
        }
      ],
      "contactAddresses": [
        {
          "contactAddressId": "213530165",
          "addressType": "HOME",
          "addressLine1": "877",
          "addressLine2": "NICHOLS",
          "addressLine3": "DR",
          "addressLine4": null,
          "city": "GAITHERSBURG",
          "state": "MD",
          "country": "USA",
          "zipCode": "20877",
          "zipPlus4": "5555",
          "addressStatus": null,
          "isEditable": true,
          "editableReasonCode": "",
          "editableReasonDescription": "",
          "isUpdated": false,
          "isDeleted": false,
          "eventStatus": "COMPLETED",
          "validate": false
        },
        {
          "contactAddressId": "826692747",
          "addressType": "CORRESPONDENCE",
          "addressLine1": "200 WOOD AVE S",
          "addressLine2": "",
          "addressLine3": "",
          "addressLine4": null,
          "city": "ISELIN",
          "state": "NJ",
          "country": "USA",
          "zipCode": "08830",
          "zipPlus4": "2706",
          "addressStatus": null,
          "isEditable": false,
          "editableReasonCode": "800",
          "editableReasonDescription": "Legacy Contract",
          "isUpdated": false,
          "isDeleted": false,
          "eventStatus": "INIT",
          "validate": false
        }
      ]
    }
  ],
  "totalNumberOfProfiles": "5"
}