{
  "personalInfo": {
    "prefix": "Mr",
    "firstName": "ravi",
    "middleName": "TestSe",
    "lastName": "raj",
    "suffix": "Office",
    "maritalStatus": "M",
    "dateOfBirth": "11/17/19908989",
    "gender": "M",
    "ssn": "341234113",
    "userType": "CUSTOMER",
    "citizenship": "US",
    "countryOfBirth": "UK",
    "occupation": "",
    "salary": "",
    "employmentStatus": "active",
    "employerName": "Employee-Name",
    "visaType": "L1 A",
    "visaExpiration": "12/13/1987",
    "permanentResident": "Y",
    "euResidentFlag": "n",
    "userSource": "CO"
  },
  "contactChannels": [
    {
      "contactChannelId": "",
      "contactChannel": "PHONE",
      "contactChannelType": "Primary",
      "contactChannelValue": "2224323456",
      "phoneExtension": "1245",
      "contactStatus": "UNVERIFIED"
    }
  ],
  "contactAddresses": [
    {
      "contactAddressId": "",
      "addressType": "home",
      "addressLine1": "345 green st",
      "addressLine2": "",
      "addressLine3": "",
      "addressLine4": "",
      "city": "parsippany",
      "state": "NJ",
      "country": "US",
      "zipCode": "07054",
      "zipPlus4": ""
    }
  ],
  "suitability": {
    "timeHorizon": "AST",
    "liquidityNeeds": "test216",
    "investmentObjective": "test51234",
    "riskTolerance": "mediumrisk"
  },
  "ssoId": "208399978",
  "deleted": "N",
  "contractId": "8CP14071",
  "businessUnit": "INVESTMENTS",
  "relationshipToAccount": "minor"
}